{"loaded_points":67108864,"max_x":67.2277,"max_y":19.5669,"max_z":109.5472,"min_x":-11.51,"min_y":-1.9443000000000001,"min_z":-30.8111,"sampling_ratio":0.6837450062132088,"texture_size":8192,"total_points":98148964,"utilization_percent":100.0}