{
    "assets": [
        {
            "atlas_position": [
                0,
                0
            ],
            "local_bounds": {
                "max_x": 0.8908,
                "max_y": 1.1700000000000002,
                "max_z": 0.887,
                "min_x": -0.8666,
                "min_y": -0.011000000000000001,
                "min_z": -0.8919
            },
            "name": "bikeparking",
            "point_count": 98417,
            "uv_bounds": {
                "uv_max": [
                    0.125,
                    0.125
                ],
                "uv_min": [
                    0.0,
                    0.0
                ]
            }
        },
        {
            "atlas_position": [
                1,
                0
            ],
            "local_bounds": {
                "max_x": 2.646038297653198,
                "max_y": 1.33,
                "max_z": 1.9029874801635742,
                "min_x": -2.0579617023468018,
                "min_y": -0.145,
                "min_z": 0.09298748016357417
            },
            "name": "car_ika",
            "point_count": 168459,
            "uv_bounds": {
                "uv_max": [
                    0.25,
                    0.125
                ],
                "uv_min": [
                    0.125,
                    0.0
                ]
            }
        },
        {
            "atlas_position": [
                2,
                0
            ],
            "local_bounds": {
                "max_x": 1.3690795900000001,
                "max_y": 3.01304626,
                "max_z": 0.0,
                "min_x": 0.0,
                "min_y": 0.0,
                "min_z": -1.513237
            },
            "name": "plant",
            "point_count": 24789,
            "uv_bounds": {
                "uv_max": [
                    0.375,
                    0.125
                ],
                "uv_min": [
                    0.25,
                    0.0
                ]
            }
        },
        {
            "atlas_position": [
                3,
                0
            ],
            "local_bounds": {
                "max_x": 17.139,
                "max_y": 0.7128,
                "max_z": -0.0126,
                "min_x": -0.0008,
                "min_y": -0.056400000000000006,
                "min_z": -0.1937
            },
            "name": "row_poles",
            "point_count": 7349,
            "uv_bounds": {
                "uv_max": [
                    0.5,
                    0.125
                ],
                "uv_min": [
                    0.375,
                    0.0
                ]
            }
        },
        {
            "atlas_position": [
                4,
                0
            ],
            "local_bounds": {
                "max_x": -0.23364002571105957,
                "max_y": 0.9159,
                "max_z": 1.01784086227417,
                "min_x": -1.7800400257110596,
                "min_y": 0.0047,
                "min_z": 0.4796408622741699
            },
            "name": "traffic_island",
            "point_count": 14681,
            "uv_bounds": {
                "uv_max": [
                    0.625,
                    0.125
                ],
                "uv_min": [
                    0.5,
                    0.0
                ]
            }
        }
    ],
    "atlas_config": {
        "atlas_size": 2048,
        "max_assets": 64,
        "tile_size": 256
    },
    "coordinate_transform": [
        [
            1.0,
            0.0,
            0.0
        ],
        [
            0.0,
            0.0,
            1.0
        ],
        [
            0.0,
            -1.0,
            0.0
        ]
    ],
    "texture_format": "RGBA32F"
}