{"loaded_points":67108864,"max_x":-107.22720000000001,"max_y":34.2946,"max_z":315.29970000000003,"min_x":-319.2701,"min_y":-8.614600000000001,"min_z":-26.5196,"sampling_ratio":0.5950034855860514,"texture_size":8192,"total_points":112787346,"utilization_percent":100.0}