{"loaded_points":4194304,"max_x":67.2277,"max_y":19.5669,"max_z":109.5472,"min_x":-11.51,"min_y":-1.9443000000000001,"min_z":-30.8111,"sampling_ratio":0.04273406288832555,"texture_size":2048,"total_points":98148964,"utilization_percent":100.0}